Link,Width
1,18.3
2,18.3
3,14.64
4,18.3
5,3.66
6,7.32
7,3.66
8,3.66
9,7.32
10,3.66
11,7.32
12,3.66
13,3.66
14,3.66
15,7.32
16,3.66
17,10.98
18,14.64
19,18.3
20,10.98
21,10.98
22,3.66
23,10.98
24,3.66
25,7.32
26,3.66
27,14.64
28,10.98
29,3.66
30,18.3
31,3.66
32,7.32
33,7.32
34,10.98
35,7.32
36,18.3
37,7.32
38,3.66
39,3.66
40,3.66
41,14.64
42,3.66
43,21.96
44,7.32
45,14.64
46,7.32
47,10.98
48,18.3
49,7.32
50,3.66
51,21.96
52,7.32
53,7.32
54,3.66
55,7.32
56,3.66
57,10.98
58,7.32
59,10.98
60,3.66
61,3.66
62,10.98
63,10.98
64,7.32
65,3.66
66,3.66
67,10.98
68,3.66
69,10.98
70,3.66
71,3.66
72,3.66
73,10.98
74,7.32
75,3.66
76,7.32
77,10.98
78,7.32
79,7.32
80,3.66
81,3.66
82,7.32
83,7.32
84,3.66
85,7.32
86,7.32
87,7.32
88,3.66
89,7.32
90,3.66
91,7.32
92,7.32
93,10.98
94,10.98
95,3.66
96,3.66
97,7.32
98,3.66
99,7.32
100,3.66
101,3.66
102,3.66
103,3.66
104,3.66
105,3.66
106,7.32
107,3.66
108,3.66
109,7.32
110,7.32
111,7.32
112,3.66
113,7.32
114,3.66
115,14.64
116,21.96
117,7.32
118,3.66
119,3.66
120,3.66
121,7.32
122,3.66
123,3.66
124,3.66
125,3.66
126,3.66
127,3.66
128,7.32
129,3.66
130,7.32
131,3.66
132,3.66
133,3.66
134,3.66
135,7.32
136,7.32
137,7.32
138,7.32
139,7.32
140,3.66
141,7.32
142,7.32
143,7.32
144,3.66
145,7.32
146,3.66
147,18.3
148,10.98
149,3.66
150,18.3
151,14.64
152,7.32
153,7.32
154,7.32
155,14.64
156,7.32
157,3.66
158,7.32
159,10.98
160,7.32
161,7.32
162,10.98
163,10.98
164,3.66
165,14.64
166,18.3
167,7.32
168,7.32
169,3.66
170,10.98
171,3.66
172,7.32
173,21.96
174,7.32
175,3.66
176,3.66
177,3.66
178,7.32
179,3.66
180,3.66
181,3.66
182,3.66
183,3.66
184,3.66
185,7.32
186,10.98
187,3.66
188,3.66
189,7.32
190,7.32
191,0.91
192,7.32
193,0.91
194,7.32
195,3.66
196,14.64
197,14.64
198,14.64
199,14.64
200,3.66
201,10.98
202,3.66
203,10.98
204,3.66
205,3.66
206,10.98
207,14.64
208,14.64
209,10.98
210,10.98
211,10.98
212,10.98
213,10.98
214,14.64
215,10.98
216,3.66
217,7.32
218,18.3
219,10.98
220,7.32
221,14.64
222,10.98
223,18.3
224,14.64
225,14.64
226,14.64
227,14.64
228,7.32
229,14.64
230,7.32
231,10.98
232,3.66
233,7.32
234,14.64
235,10.98
236,7.32
237,3.66
238,3.66
239,10.98
240,10.98
241,10.98
242,10.98
243,10.98
244,7.32
245,14.64
246,7.32
247,10.98
248,3.66
249,4.57
250,7.32
251,4.57
252,4.57
253,3.66
254,3.66
255,3.66
256,4.57
257,3.66
258,3.66
259,7.32
260,3.66
261,4.27
262,10.98
263,7.32
264,3.66
265,14.64
266,3.66
267,3.66
268,18.3
269,14.64
270,3.66
271,9.14
272,8.54
273,3.66
274,4.57
275,7.32
276,10.05
277,7.32
278,18.3
279,4.57
280,3.66
281,10.98
282,10.05
283,14.64
284,7.32
285,18.3
286,14.64
287,10.98
288,3.66
289,10.98
290,7.32
291,14.64
292,4.57
293,14.64
294,7.32
295,13.4
296,3.66
297,3.66
298,7.32
299,7.32
300,10.98
301,0.91
302,21.96
303,18.3
304,14.64
305,3.66
306,13.4
307,3.66
308,16.75
309,3.66
310,13.4
311,7.32
312,3.66
313,13.4
314,3.66
315,7.32
316,25.62
317,20.1
318,16.75
319,21.96
320,21.96
321,10.98
322,7.32
323,4.27
324,7.32
325,7.32
326,7.32
327,18.3
328,14.64
329,7.32
330,14.64
331,0.91
332,0.91
333,7.32
334,10.98
335,3.66
336,3.66
337,10.98
338,3.66
339,7.32
340,3.66
341,14.64
342,7.32
343,7.32
344,1.83
345,1.83
346,3.66
347,7.32
348,10.98
349,10.98
350,0.91
351,10.98
352,10.98
353,14.64
354,10.98
355,10.98
356,10.98
357,3.66
358,10.98
359,10.98
360,10.98
361,10.98
362,0.91
363,10.98
364,10.98
365,10.98
366,10.98
367,10.98
368,21.96
369,21.96
370,7.32
371,14.64
372,7.32
373,7.32
374,10.98
375,10.98
376,3.66
377,3.66
378,0.91
379,18.3
380,7.32
381,3.66
382,16.75
383,7.32
384,7.32
385,7.32
386,7.32
387,7.32
388,14.64
389,7.32
390,3.66
391,7.32
392,7.32
393,7.32
394,3.66
395,3.66
396,10.98
397,3.66
398,3.66
399,7.32
400,0.91
401,0.91
402,0.91
403,0.91
404,0.91
405,7.32
406,3.66
407,7.32
408,3.66
409,3.66
410,7.32
411,3.66
412,7.32
413,3.66
414,3.66
415,3.66
416,7.32
417,3.66
418,3.66
419,3.66
420,7.32
421,3.66
422,6.7
423,0.91
424,0.91
425,3.66
426,13.4
427,3.66
428,7.32
429,10.98
430,10.98
431,3.66
432,0.91
433,0.91
434,0.91
435,0.91
436,7.32
437,3.66
438,3.66
439,3.66
440,7.32
441,10.98
442,3.66
443,7.32
444,7.32
445,7.32
446,3.66
447,3.66
448,3.66
449,7.32
450,7.32
451,7.32
452,7.32
453,10.98
454,3.66
455,7.32
456,7.32
457,3.66
458,7.32
459,7.32
460,3.66
461,4.57
462,3.66
463,3.66
464,3.66
465,3.66
466,3.66
467,3.66
468,7.32
469,7.32
470,7.32
471,7.32
472,7.32
473,7.32
474,7.32
475,7.32
476,7.32
477,7.32
478,3.66
479,3.66
480,3.66
481,3.66
482,3.66
483,3.66
484,3.66
485,3.66
486,3.66
487,3.66
488,3.66
489,3.66
490,3.66
491,3.66
492,7.32
493,7.32
494,7.32
495,3.66
496,1.83
497,1.83
498,10.98
499,1.83
500,1.83
501,1.83
502,1.83
503,7.32
504,1.83
505,1.83
506,7.32
507,7.32
508,7.32
509,7.32
510,14.64
511,7.32
512,7.32
513,7.32
514,7.32
515,7.32
516,3.66
517,3.66
518,7.32
519,21.96
520,7.32
521,7.32
522,7.32
523,7.32
524,3.66
525,3.66
526,7.32
527,10.98
528,10.98
529,10.98
530,7.32
531,10.98
532,7.32
533,7.32
534,10.98
535,7.32
536,7.32
537,7.32
538,3.66
539,3.66
540,7.32
541,7.32
542,7.32
543,10.98
544,10.98
545,7.32
546,7.32
547,7.32
548,10.98
549,3.66
550,10.98
551,7.32
552,10.98
553,14.64
554,14.64
555,7.32
556,7.32
557,7.32
558,3.66
559,7.32
560,3.66
561,7.32
562,3.66
563,18.3
564,18.3
565,3.66
566,10.98
567,18.3
568,18.3
569,10.98
570,3.66
571,18.3
572,7.32
573,7.32
574,7.32
575,7.32
576,18.3
577,3.66
578,14.64
579,7.32
580,3.66
581,3.66
582,3.66
583,7.32
584,7.32
585,3.66
586,3.66
587,7.32
588,14.64
589,14.64
590,18.3
591,18.3
592,7.32
593,14.64
594,14.64
595,10.98
596,10.98
597,14.64
598,14.64
599,10.98
600,14.64
601,14.64
602,14.64
603,14.64
604,3.66
605,7.32
606,1.83
607,3.66
608,18.3
609,14.64
610,14.64
611,10.98
612,10.98
613,14.64
614,14.64
615,7.32
616,10.98
617,7.32
618,10.98
619,7.32
620,14.64
621,14.64
622,3.66
623,18.3
624,7.32
625,7.32
626,7.32
627,7.32
628,14.64
629,7.32
630,7.32
631,3.66
632,7.32
633,10.98
634,7.32
635,7.32
636,14.64
637,14.64
638,3.66
639,7.32
640,7.32
641,3.66
642,10.98
643,3.66
644,10.98
645,10.98
646,10.98
647,3.66
648,3.66
649,3.66
650,3.66
651,14.64
652,3.66
653,7.32
654,3.66
655,18.3
656,3.66
657,7.32
658,7.32
659,3.66
660,3.66
661,3.66
662,7.32
663,3.66
664,7.32
665,14.64
666,16.75
667,14.64
668,7.32
669,18.3
670,18.3
671,18.3
672,14.64
673,3.66
674,10.98
675,10.98
676,10.98
677,10.98
678,10.98
679,13.4
680,10.98
681,10.98
682,7.32
683,10.98
684,14.64
685,7.32
686,21.96
687,14.64
688,7.32
689,14.64
690,18.3
691,10.98
692,3.66
693,7.32
694,7.32
695,13.4
696,10.98
697,10.98
698,7.32
699,14.64
700,3.66
701,3.66
702,3.66
703,3.66
704,3.66
705,3.66
706,3.66
707,3.66
708,3.66
709,3.66
710,3.66
711,10.98
712,21.96
713,7.32
714,10.98
715,10.98
716,21.96
717,10.98
718,14.64
719,18.3
720,14.64
721,14.64
722,10.98
723,10.98
724,10.98
725,10.98
726,10.98
727,18.3
728,18.3
729,3.66
730,3.66
731,3.66
732,3.66
733,3.66
734,7.32
735,3.66
736,7.32
737,18.3
738,10.98
739,3.66
740,7.32
741,7.32
742,3.66
743,3.66
744,3.66
745,3.66
746,3.66
747,3.66
748,3.66
749,3.66
750,3.66
751,3.66
752,3.66
753,3.66
754,3.66
755,3.66
756,3.66
757,3.66
758,3.66
759,3.66
760,3.66
761,3.66
762,3.66
763,7.32
764,10.98
765,3.66
766,3.66
767,3.66
768,3.66
769,14.64
770,3.66
771,3.66
772,3.66
773,3.66
774,3.66
775,3.66
776,3.66
777,3.66
778,3.66
779,3.66
780,3.66
781,3.66
782,3.66
783,3.66
784,3.66
785,3.66
786,3.66
787,3.66
788,3.66
789,7.32
790,7.32
791,7.32
792,7.32
793,7.32
794,3.66
795,3.66
796,3.66
797,3.66
798,7.32
799,3.66
800,3.66
801,3.66
802,3.66
803,7.32
804,7.32
805,7.32
806,3.66
807,7.32
808,3.66
809,14.64
810,14.64
811,7.32
812,14.64
813,3.66
814,3.66
815,3.66
816,3.66
817,3.66
818,3.66
819,3.66
820,3.66
821,3.66
822,3.66
823,3.66
824,3.66
825,3.66
826,14.64
827,14.64
828,7.32
829,7.32
830,3.66
831,7.32
832,7.32
833,3.66
834,3.66
835,3.66
836,3.66
837,3.66
838,3.66
839,3.66
840,3.66
841,7.32
842,14.64
843,7.32
844,14.64
845,1.83
846,1.83
847,7.32
848,7.32
849,3.66
850,3.66
851,3.66
852,3.66
853,3.66
854,7.32
855,3.66
856,3.66
857,3.66
858,3.66
859,3.66
860,3.66
861,7.32
862,7.32
863,3.66
864,3.66
865,1.83
866,1.83
867,7.32
868,10.98
869,3.66
870,7.32
871,7.32
872,10.98
873,7.32
874,7.32
875,3.66
876,7.32
877,1.83
878,3.66
879,3.66
880,3.66
881,3.66
882,3.66
883,3.66
884,3.66
885,3.66
886,10.98
887,10.98
888,7.32
889,3.66
890,7.32
891,7.32
892,7.32
893,3.66
894,7.32
895,1.83
896,1.83
897,1.83
898,1.83
899,7.32
900,7.32
901,7.32
902,7.32
903,7.32
904,1.83
905,1.83
906,1.83
907,1.83
908,1.83
909,1.83
910,1.83
911,1.83
912,1.83
913,1.83
914,7.32
915,7.32
916,7.32
917,7.32
918,0.91
919,7.32
920,7.32
921,7.32
922,7.32
923,0.91
924,0.91
925,0.91
926,7.32
927,7.32
928,7.32
929,10.98
930,18.3
931,10.98
932,10.98
933,21.96
934,1.83
935,1.83
936,10.98
937,7.32
938,7.32
939,7.32
940,7.32
941,7.32
942,7.32
943,7.32
944,18.3
945,18.3
946,7.32
947,18.3
948,7.32
949,10.98
950,7.32
951,3.66
952,18.3
953,18.3
954,3.66
955,18.3
956,18.3
957,7.32
958,3.66
959,3.66
960,7.32
961,18.3
962,7.32
963,18.3
964,18.3
965,3.66
966,10.98
967,7.32
968,10.98
969,7.32
970,7.32
971,7.32
972,3.66
973,3.66
974,7.32
975,3.66
976,7.32
977,7.32
978,3.66
979,7.32
980,7.32
981,3.66
982,7.32
983,3.66
984,10.98
985,7.32
986,7.32
987,10.98
988,10.98
989,7.32
990,7.32
991,10.98
992,7.32
993,3.66
994,7.32
995,7.32
996,7.32
997,7.32
998,3.66
999,10.98
1000,14.64
1001,3.66
1002,7.32
1003,3.66
1004,3.66
1005,3.66
1006,3.66
1007,3.66
1008,3.66
1009,3.66
1010,3.66
1011,3.66
1012,3.66
1013,10.98
1014,3.66
1015,3.66
1016,3.66
1017,3.66
1018,3.66
1019,3.66
1020,3.66
1021,3.66
1022,3.66
1023,7.32
1024,10.98
1025,10.98
1026,14.64
1027,10.98
1028,10.98
1029,7.32
1030,10.98
1031,7.32
1032,7.32
1033,14.64
1034,7.32
1035,7.32
1036,3.66
1037,7.32
1038,10.98
1039,7.32
1040,3.66
1041,3.66
1042,10.98
1043,3.66
1044,3.66
1045,3.66
1046,3.66
1047,3.66
1048,3.66
1049,3.66
1050,3.66
1051,3.66
1052,3.66
1053,14.64
1054,10.98
1055,3.66
1056,7.32
1057,14.64
1058,7.32
1059,7.32
1060,3.66
1061,3.66
1062,3.66
1063,10.98
1064,3.66
1065,7.32
1066,7.32
1067,3.66
1068,7.32
1069,7.32
1070,7.32
1071,10.98
1072,7.32
1073,10.98
1074,3.66
1075,7.32
1076,7.32
1077,3.66
1078,10.98
1079,10.98
1080,7.32
1081,3.66
1082,3.66
1083,3.66
1084,3.66
1085,3.66
1086,10.98
1087,10.98
1088,7.32
1089,3.66
1090,14.64
1091,7.32
1092,14.64
1093,10.98
1094,7.32
1095,3.66
1096,7.32
1097,3.66
1098,7.32
1099,7.32
1100,10.98
1101,3.66
1102,7.32
1103,10.98
1104,10.98
1105,3.66
1106,7.32
1107,3.66
1108,3.66
1109,3.66
1110,10.98
1111,7.32
1112,7.32
1113,7.32
1114,3.66
1115,7.32
1116,10.98
1117,7.32
1118,10.98
1119,7.32
1120,3.66
1121,3.66
1122,3.66
1123,7.32
1124,7.32
1125,3.66
1126,3.66
1127,3.66
1128,7.32
1129,3.66
1130,7.32
1131,3.66
1132,10.98
1133,7.32
1134,10.98
1135,7.32
1136,7.32
1137,10.98
1138,10.98
1139,10.98
1140,7.32
1141,3.66
1142,7.32
1143,7.32
1144,7.32
1145,7.32
1146,7.32
1147,10.98
1148,10.98
1149,3.66
1150,7.32
1151,3.66
1152,7.32
1153,7.32
1154,10.98
1155,7.32
1156,3.66
1157,3.66
1158,14.64
1159,7.32
1160,10.98
1161,7.32
1162,10.98
1163,7.32
1164,7.32
1165,3.66
1166,3.66
1167,3.66
1168,3.66
1169,3.66
1170,7.32
1171,3.66
1172,10.98
1173,7.32
1174,3.66
1175,3.66
1176,3.66
1177,3.66
1178,3.66
1179,3.66
1180,3.66
1181,3.66
1182,3.66
1183,3.66
1184,10.98
1185,7.32
1186,7.32
1187,3.66
1188,3.66
1189,7.32
1190,7.32
1191,7.32
1192,7.32
1193,3.66
1194,3.66
1195,7.32
1196,7.32
1197,7.32
1198,3.66
1199,3.66
1200,10.98
1201,14.64
1202,3.66
1203,3.66
1204,10.98
1205,7.32
1206,10.98
1207,3.66
1208,7.32
1209,3.66
1210,3.66
1211,7.32
1212,7.32
1213,10.98
1214,3.66
1215,7.32
1216,7.32
1217,10.98
1218,3.66
1219,7.32
1220,3.66
1221,7.32
1222,3.66
1223,7.32
1224,3.66
1225,3.66
1226,7.32
1227,3.66
1228,7.32
1229,10.98
1230,7.32
1231,7.32
1232,10.98
1233,10.98
1234,7.32
1235,10.98
1236,7.32
1237,7.32
1238,3.66
1239,14.64
1240,18.3
1241,18.3
1242,14.64
1243,14.64
1244,18.3
1245,7.32
1246,3.66
1247,7.32
1248,3.66
1249,3.66
1250,14.64
1251,10.98
1252,3.66
1253,3.66
1254,3.66
1255,14.64
1256,10.98
1257,14.64
1258,10.98
1259,3.66
1260,7.32
1261,3.66
1262,14.64
1263,7.32
1264,18.3
1265,10.98
1266,3.66
1267,14.64
1268,14.64
1269,10.98
1270,3.66
1271,7.32
1272,7.32
1273,3.66
1274,7.32
1275,3.66
1276,14.64
1277,7.32
1278,3.66
1279,7.32
1280,7.32
1281,3.66
1282,7.32
1283,10.98
1284,14.64
1285,10.98
1286,3.66
1287,10.98
1288,3.66
1289,3.66
1290,10.98
1291,7.32
1292,3.66
1293,3.66
1294,3.66
1295,3.66
1296,3.66
1297,7.32
1298,10.98
1299,7.32
1300,3.66
1301,3.66
1302,7.32
1303,7.32
1304,3.66
1305,3.66
1306,3.66
1307,3.66
1308,10.98
1309,10.98
1310,7.32
1311,7.32
1312,10.98
1313,10.98
1314,7.32
1315,7.32
1316,10.98
1317,7.32
1318,7.32
1319,10.98
1320,10.98
1321,3.66
1322,7.32
1323,3.66
1324,3.66
1325,7.32
1326,3.66
1327,10.98
1328,3.66
1329,10.98
1330,3.66
1331,3.66
1332,3.66
1333,3.66
1334,3.66
1335,3.66
1336,10.98
1337,3.66
1338,3.66
1339,7.32
1340,3.66
1341,10.98
1342,3.66
1343,3.66
1344,10.98
1345,7.32
1346,3.66
1347,3.66
1348,7.32
1349,10.98
1350,7.32
1351,7.32
1352,3.66
1353,3.66
1354,3.66
1355,3.66
1356,3.66
1357,3.66
1358,3.66
1359,3.66
1360,18.3
1361,3.66
1362,3.66
1363,10.98
1364,3.66
1365,7.32
1366,3.66
1367,3.66
1368,3.66
1369,3.66
1370,3.66
1371,7.32
1372,7.32
1373,10.98
1374,7.32
1375,10.98
1376,7.32
1377,14.64
1378,14.64
1379,10.98
1380,3.66
1381,3.66
1382,3.66
1384,3.66
1385,7.32
1386,3.66
1387,3.66
1388,7.32
1389,10.98
1390,3.66
1391,3.66
1392,3.66
1393,10.98
1394,10.98
1395,7.32
1396,3.66
1397,3.66
1398,10.98
1399,7.32
1400,3.66
1401,7.32
1402,7.32
1403,7.32
1404,7.32
1405,7.32
1406,10.98
1407,3.66
1408,10.98
1409,10.98
1410,3.66
1411,7.32
1412,10.98
1413,10.98
1414,3.66
1415,3.66
1416,10.98
1417,7.32
1418,3.66
1419,3.66
1420,10.98
1421,10.98
1422,7.32
1423,3.66
1424,3.66
1425,3.66
1426,3.66
1427,7.32
1428,3.66
1429,7.32
1430,3.66
1431,7.32
1432,7.32
1433,14.64
1434,14.64
1435,10.98
1436,10.98
1437,3.66
1438,3.66
1439,14.64
1442,14.64
30001,18.3
30002,14.64
30003,18.3
30004,7.32
30005,3.66
30006,3.66
30007,3.66
30008,3.66
30011,14.64
30012,10.98
30013,14.64
30014,18.3
30015,3.66
30016,14.64
30017,10.98
30018,7.32
30019,7.32
30020,3.66
30021,7.32
30022,3.66
30023,3.66
30024,3.66
30025,7.32
30026,18.3
30027,3.66
30029,3.66
30030,3.66
30031,3.66
30032,3.66
30033,3.66
30034,3.66
30035,3.66
30038,3.66
30039,3.66
30041,3.66
30042,3.66
30043,3.66
30044,3.66
30045,3.66
30046,3.66
30047,3.66
30048,3.66
30049,7.32
30050,7.32
30052,3.66
30053,18.3
30054,3.66
30055,7.32
30056,18.3
30057,10.98
30058,7.32
30059,18.3
30060,18.3
30061,3.66
30062,18.3
30063,3.66
30065,3.66
30066,7.32
30067,10.98
30070,14.64
30071,18.3
30072,7.32
30074,3.66
30075,3.66
30077,3.66
30080,3.66
30081,3.66
30082,3.66
30084,3.66
30085,3.66
30086,3.66
30087,3.66
30088,14.64
30089,3.66
30090,3.66
30092,3.66
30093,10.98
30095,3.66
30096,7.32
30097,14.64
30098,3.66
30099,10.98
30100,7.32
30104,7.32
30105,14.64
30106,14.64
30107,14.64
30108,14.64
30110,14.64
30111,14.64
30112,14.64
30115,3.66
30116,10.98
30117,7.32
30118,18.3
30119,3.66
30120,10.98
30121,14.64
30122,7.32
30123,7.32
30124,7.32
30125,3.66
30126,14.64
30127,14.64
30129,14.64
30130,7.32
30131,10.98
30132,10.98
30133,14.64
30134,10.98
30135,14.64
30136,7.32
30137,7.32
30138,18.3
30139,10.98
30140,3.66
30141,3.66
30142,7.32
30143,10.98
30144,3.66
30145,3.66
30149,3.66
30150,7.32
30151,10.98
30152,3.66
30157,3.66
30160,3.66
30161,3.66
30162,7.32
30163,10.98
30164,14.64
30165,3.66
30167,14.64
30168,7.32
30169,7.32
30170,3.66
30171,3.66
30172,10.98
30173,10.98
30174,7.32
30175,7.32
30177,7.32
30178,7.32
30180,7.32
30181,7.32
30182,7.32
30184,3.66
30185,10.98
30186,3.66
30187,7.32
30192,7.32
30194,3.66
30195,3.66
30196,3.66
30197,10.98
30198,10.98
30199,14.64
30200,7.32
30202,10.98
30203,7.32
30212,14.64
30213,10.98
30214,14.64
30215,10.98
30218,10.98
30219,7.32
30220,3.66
30221,7.32
30222,7.32
30223,7.32
30224,3.66
30225,7.32
30226,7.32
30227,7.32
30228,3.66
30229,10.98
30230,10.98
30231,7.32
30232,3.66
30233,3.66
30234,7.32
30235,3.66
30236,7.32
30237,10.98
30238,7.32
30239,10.98
30240,10.98
30241,3.66
30242,10.98
30243,7.32
30244,10.98
30245,10.98
30246,3.66
30247,7.32
30248,10.98
30249,14.64
30250,14.64
30251,18.3
30252,7.32
30253,7.32
30254,10.98
30255,7.32
30256,7.32
30257,3.66
30258,3.66
30259,14.64
30260,3.66
30261,3.66
30263,3.66
30264,7.32
30265,7.32
30266,7.32
30268,3.66
30270,7.32
30271,18.3
30273,21.96
30274,18.3
30275,18.3
30276,14.64
30277,14.64
30278,14.64
30279,14.64
30280,18.3
30281,18.3
30283,18.3
30284,14.64
30285,21.96
30286,18.3
30288,3.66
30289,7.32
30290,3.66
30291,7.32
30292,3.66
30293,14.64
30294,10.98
30295,18.3
30296,14.64
30297,14.64
30298,14.64
30299,18.3
30300,14.64
30301,14.64
30302,18.3
30303,14.64
30304,14.64
30305,18.3
30308,14.64
30309,18.3
30311,18.3
30312,14.64
30314,18.3
30315,18.3
30316,10.98
30317,10.98
30318,10.98
30319,10.98
30320,14.64
30321,14.64
30322,18.3
30323,14.64
30324,7.32
30325,7.32
30326,7.32
30327,7.32
30328,3.66
30329,7.32
30330,3.66
30332,7.32
30333,7.32
30334,10.98
30335,7.32
30336,14.64
30337,10.98
30344,14.64
30345,7.32
30346,14.64
30347,3.66
30350,10.98
30351,3.66
30352,3.66
30353,3.66
30354,7.32
30355,7.32
30356,7.32
30357,7.32
30358,14.64
30359,14.64
30360,14.64
30361,21.96
30362,10.98
30363,7.32
30364,7.32
30365,7.32
30366,18.3
30367,7.32
30368,14.64
30369,18.3
30370,7.32
30371,7.32
30372,7.32
30373,7.32
30374,7.32
30375,10.98
30376,3.66
30377,10.98
30378,14.64
30379,14.64
30380,21.96
30381,14.64
30382,10.98
30383,14.64
30384,10.98
30385,14.64
30386,14.64
30387,14.64
30388,18.3
30389,14.64
30390,10.98
30391,18.3
30392,7.32
30393,10.98
30394,10.98
30395,7.32
30396,3.66
30399,10.98
30400,7.32
30402,3.66
30407,3.66
30408,7.32
30409,10.98
30410,3.66
30411,10.98
30412,3.66
30424,7.32
30425,7.32
30426,7.32
30427,7.32
30428,7.32
30429,7.32
30430,7.32
30433,7.32
30434,21.96
30435,14.64
30436,18.3
30437,10.98
30438,7.32
30439,10.98
30440,7.32
30441,18.3
30442,18.3
30443,7.32
30444,7.32
30445,18.3
60055,21.96
60341,18.3
60577,14.64
60578,18.3
60579,14.64
60580,18.3
60581,14.64
60582,14.64
60628,14.64
60629,14.64
60630,18.3
60631,14.64
60632,14.64
60633,14.64
70049,18.3
90575,7.32
90577,3.66
90578,7.32
110001,3.66
110002,10.98
110003,7.32
110004,7.32
110005,18.3
110006,7.32
110007,7.32
110008,3.66
110009,7.32
110010,7.32
110012,7.32
110013,7.32
110014,14.64
110015,3.66
110018,7.32
110020,14.64
110022,7.32
110024,10.98
110025,3.66
110026,3.66
110027,10.98
110028,7.32
110029,10.98
110030,7.32
110031,7.32
110033,18.3
110039,7.32
110040,7.32
110041,3.66
110042,7.32
110043,7.32
110044,14.64
110045,14.64
110046,7.32
110047,7.32
110048,10.98
110049,7.32
110050,3.66
110051,3.66
110052,7.32
110053,14.64
110054,7.32
110055,10.98
110056,3.66
110057,7.32
110058,10.98
110059,7.32
110060,10.98
110061,10.98
110062,14.64
110063,10.98
110064,10.98
110065,3.66
110066,7.32
110067,7.32
110068,10.98
110069,3.66
110070,7.32
110071,10.98
110072,3.66
110073,10.98
110074,3.66
110075,7.32
110076,7.32
110087,7.32
110088,7.32
110089,14.64
110090,10.98
110091,14.64
110092,7.32
110093,3.66
110095,3.66
110096,14.64
110097,3.66
110098,3.66
110099,7.32
110100,7.32
110101,7.32
110102,7.32
110103,7.32
110104,3.66
110105,7.32
110106,18.3
110107,7.32
110108,3.66
110109,3.66
110110,7.32
110111,7.32
110112,7.32
110113,7.32
110114,7.32
110115,7.32
110116,7.32
110117,7.32
110118,14.64
110123,10.98
110124,10.98
110125,7.32
110126,7.32
110127,7.32
110128,7.32
110130,3.66
110131,7.32
110132,3.66
110133,7.32
110134,14.64
110140,7.32
110141,7.32
110142,7.32
110143,10.98
110144,18.3
110145,18.3
110146,14.64
110147,7.32
110148,7.32
110149,18.3
110150,14.64
110151,7.32
110153,3.66
110154,3.66
110155,7.32
110156,3.66
110157,14.64
110158,14.64
110160,18.3
110161,14.64
110162,18.3
110163,18.3
110164,14.64
110165,14.64
110166,7.32
110167,7.32
110168,10.98
110169,14.64
110170,14.64
140381,18.3
140383,18.3
140384,18.3
140385,21.96
150001,3.66
150002,3.66
150003,3.66
150006,7.32
150007,14.64
150008,7.32
150029,3.66
150030,7.32
150031,7.32
150032,3.66
150035,3.66
150036,3.66
150038,3.66
150039,7.32
150040,10.98
150041,7.32
150042,10.98
150043,7.32
150044,3.66
150045,7.32
150046,7.32
150052,7.32
150053,3.66
150056,7.32
150057,7.32
150059,3.66
150060,3.66
150061,3.66
150062,7.32
150063,3.66
150064,7.32
150065,3.66
150066,7.32
150067,7.32
150068,10.98
150069,7.32
150070,10.98
150071,7.32
150072,3.66
150073,7.32
150075,7.32
150076,10.98
150078,3.66
150082,3.66
150086,10.98
150089,14.64
150090,7.32
150091,3.66
150092,21.96
150094,3.66
150096,7.32
150097,7.32
150098,3.66
150099,7.32
150100,7.32
150101,3.66
150102,3.66
150103,7.32
150104,7.32
150105,3.66
150106,7.32
150107,21.96
150108,7.32
150109,18.3
150110,3.66
150112,10.98
150114,3.66
150115,7.32
150116,10.98
150117,7.32
150118,10.98
150119,25.62
150120,25.62
150127,3.66
150131,29.28
150134,21.96
150135,25.62
150136,21.96
150137,18.3
150138,7.32
150140,7.32
150141,10.98
150142,18.3
150143,18.3
150144,21.96
150147,10.98
150154,18.3
150156,7.32
150157,10.98
150158,7.32
150159,7.32
150160,7.32
150161,3.66
150162,7.32
150163,3.66
150164,3.66
150173,10.98
150174,3.66
150175,7.32
150176,14.64
150177,10.98
150178,7.32
150179,7.32
150180,7.32
150187,21.96
150188,18.3
150189,7.32
150191,18.3
150196,7.32
150197,7.32
150198,7.32
150204,10.98
150205,10.98
150208,10.98
150209,10.98
150211,7.32
150212,7.32
150213,7.32
150214,7.32
150215,7.32
150221,3.66
150236,18.3
150238,7.32
150239,7.32
150240,7.32
150241,7.32
150243,7.32
150250,7.32
150251,7.32
150252,10.98
150253,7.32
150254,7.32
150255,7.32
150256,18.3
150259,3.66
150261,14.64
150262,14.64
150263,18.3
150264,18.3
150265,18.3
150266,18.3
150267,18.3
150302,29.28
150304,25.62
150519,21.96
150520,18.3
150521,18.3
150522,18.3
170002,7.32
170005,7.32
170007,7.32
170008,7.32
170009,7.32
170010,7.32
170011,3.66
170012,10.98
170013,7.32
170014,7.32
170015,10.98
170016,7.32
170019,7.32
170020,14.64
170025,7.32
170026,7.32
170063,7.32
170064,3.66
170065,10.98
170066,7.32
170067,7.32
170069,3.66
170070,3.66
170071,7.32
170072,3.66
170073,10.98
170076,7.32
170077,3.66
170078,3.66
170079,3.66
170083,3.66
170085,7.32
170087,7.32
170088,7.32
170089,3.66
170090,3.66
170091,7.32
170092,10.98
170093,10.98
170094,7.32
170095,7.32
170096,7.32
170097,3.66
170098,7.32
170100,3.66
170101,7.32
170102,7.32
170103,7.32
170104,7.32
170105,7.32
170106,7.32
170108,3.66
170109,3.66
170261,10.98
170262,18.3
170263,14.64
170286,10.05
170287,10.05
170288,13.4
170296,13.4
170301,10.05
170303,6.7
170304,6.7
170305,10.05
170319,7.32
170321,6.7
170322,6.7
170567,10.98
170568,10.98
170569,10.98
170570,10.98
170571,14.64
170572,10.98
170573,18.3
170612,10.98
170613,10.98
170614,10.98
170615,10.98
170616,14.64
170617,10.98
170618,14.64
170619,10.98
190010,7.32
190012,10.98
190013,10.98
190014,7.32
190015,7.32
190016,7.32
190017,10.98
190018,7.32
190019,3.66
190023,3.66
190025,10.98
190030,7.32
190031,7.32
190032,7.32
190033,7.32
190034,3.66
220171,7.32
220172,7.32
220176,7.32
220191,7.32
220192,7.32
220334,7.32
220338,7.32
220339,10.98
220341,10.98
220342,7.32
220344,7.32
220345,7.32
220346,7.32
220347,7.32
220348,7.32
220349,7.32
230051,3.66
230055,3.66
230057,3.66
230658,3.66
300133,3.66
